City_ID,City,Lat,Lng,Max Temp,Humidity,Cloudiness,Wind Speed,Country,Date
0,Qaanaaq,77.48,-69.36,37.42,75,0,4.54,GL,2020-06-24 06:23:26
1,Herrin,37.8,-89.03,68.0,93,1,4.36,US,2020-06-24 06:23:26
2,Bredasdorp,-34.53,20.04,37.4,93,0,1.34,ZA,2020-06-24 06:23:27
3,Teguldet,57.31,88.17,80.91,48,99,2.37,RU,2020-06-24 06:21:07
4,Ushuaia,-54.8,-68.3,35.6,74,90,17.22,AR,2020-06-24 06:18:31
5,Mataura,-46.19,168.86,45.99,92,86,3.44,NZ,2020-06-24 06:23:27
6,Hilo,19.73,-155.09,73.4,78,1,4.45,US,2020-06-24 06:23:28
7,Takoradi,4.88,-1.76,77.13,87,69,6.38,GH,2020-06-24 06:23:28
8,Atar,20.52,-13.05,87.22,24,0,2.42,MR,2020-06-24 06:23:28
9,Vestmannaeyjar,63.44,-20.27,51.03,86,89,13.65,IS,2020-06-24 06:23:28
10,Rikitea,-23.12,-134.97,70.39,54,72,12.01,PF,2020-06-24 06:23:28
11,Fernandopolis,-20.28,-50.25,60.35,67,50,6.49,BR,2020-06-24 06:23:29
12,Tuktoyaktuk,69.45,-133.04,37.4,86,90,9.17,CA,2020-06-24 06:23:29
13,Busselton,-33.65,115.33,63.0,66,99,3.0,AU,2020-06-24 06:23:29
14,Yerbogachen,61.28,108.01,71.13,46,34,7.43,RU,2020-06-24 06:23:29
15,Muros,42.78,-9.06,64.0,87,9,1.01,ES,2020-06-24 06:23:30
16,Saldanha,-33.01,17.94,39.2,78,0,2.24,ZA,2020-06-24 06:23:30
17,Shaoxing,30.01,120.57,78.8,83,75,6.71,CN,2020-06-24 06:23:30
18,Pilar,-9.6,-35.96,69.8,100,9,5.82,BR,2020-06-24 06:23:31
19,Urumqi,43.8,87.6,82.4,28,99,8.95,CN,2020-06-24 06:23:31
20,Pochutla,15.74,-96.47,74.84,86,100,3.58,MX,2020-06-24 06:23:31
21,Port Alfred,-33.59,26.89,68.0,32,1,10.0,ZA,2020-06-24 06:23:31
22,Riyadh,24.69,46.72,95.0,11,100,8.05,SA,2020-06-24 06:19:02
23,Cape Town,-33.93,18.42,55.4,93,0,8.05,ZA,2020-06-24 06:20:42
24,Lewisporte,49.25,-55.05,66.2,88,20,13.87,CA,2020-06-24 06:23:32
25,Timmins,48.47,-81.33,48.2,100,90,12.75,CA,2020-06-24 06:23:32
26,Butaritari,3.07,172.79,83.84,74,28,13.71,KI,2020-06-24 06:23:32
27,Avarua,-21.21,-159.78,75.2,83,42,5.82,CK,2020-06-24 06:23:32
28,Port Elizabeth,-33.92,25.57,66.2,25,0,10.29,ZA,2020-06-24 06:23:33
29,Ostrovnoy,68.05,39.51,43.45,74,97,14.41,RU,2020-06-24 06:21:04
30,Dwarka,22.24,68.97,88.41,70,11,10.0,IN,2020-06-24 06:23:33
31,Pevek,69.7,170.31,31.89,97,86,14.9,RU,2020-06-24 06:23:34
32,Barrow,71.29,-156.79,35.6,80,90,6.93,US,2020-06-24 06:23:34
33,Hermanus,-34.42,19.23,43.0,96,0,1.99,ZA,2020-06-24 06:23:34
34,Erenhot,43.65,111.98,86.94,12,66,19.39,CN,2020-06-24 06:23:34
35,Lebu,-37.62,-73.65,46.87,81,91,8.3,CL,2020-06-24 06:23:34
36,Kahului,20.89,-156.47,71.01,70,62,5.01,US,2020-06-24 06:23:35
37,Otuzco,-7.9,-78.58,46.81,90,73,0.54,PE,2020-06-24 06:23:35
38,Chuy,-33.7,-53.46,63.52,95,100,0.6,UY,2020-06-24 06:23:35
39,Lorengau,-2.02,147.27,83.97,77,99,8.59,PG,2020-06-24 06:23:35
40,Gat,31.61,34.76,79.0,55,0,5.99,IL,2020-06-24 06:23:36
41,Yomou,7.56,-9.27,70.57,99,98,1.66,GN,2020-06-24 06:23:36
42,College,64.86,-147.8,55.4,76,90,6.93,US,2020-06-24 06:23:36
43,Wufeng,27.45,104.83,60.22,99,100,2.93,CN,2020-06-24 06:23:36
44,Arroio Grande,-32.24,-53.09,68.0,74,60,11.14,BR,2020-06-24 06:23:36
45,Carnarvon,-24.87,113.63,71.6,49,0,17.22,AU,2020-06-24 06:23:37
46,Punta Arenas,-53.15,-70.92,33.8,74,31,11.41,CL,2020-06-24 06:23:14
47,Jamestown,42.1,-79.24,60.01,93,75,5.82,US,2020-06-24 06:19:27
48,Hobart,-42.88,147.33,55.0,93,75,8.05,AU,2020-06-24 06:18:49
49,Maniitsoq,65.42,-52.9,39.43,85,99,1.57,GL,2020-06-24 06:23:38
50,La Seyne-Sur-Mer,43.1,5.88,72.0,74,0,1.86,FR,2020-06-24 06:20:56
51,Victoria,22.29,114.16,91.0,71,99,7.0,HK,2020-06-24 06:20:13
52,Beringovskiy,63.05,179.32,40.59,78,78,11.14,RU,2020-06-24 06:23:38
53,Eldorado,-23.79,-54.28,63.46,62,0,9.84,BR,2020-06-24 06:23:38
54,Mount Gambier,-37.83,140.77,57.2,82,40,6.93,AU,2020-06-24 06:23:39
55,Longyearbyen,78.22,15.64,42.8,81,40,3.36,SJ,2020-06-24 06:23:39
56,Talnakh,69.49,88.4,66.2,45,100,8.95,RU,2020-06-24 06:23:39
57,Airai,-8.93,125.41,67.1,85,56,3.89,TL,2020-06-24 06:23:40
58,Voi,-3.39,38.56,77.36,59,83,9.62,KE,2020-06-24 06:23:40
59,Ormstown,45.13,-74.0,73.0,79,98,6.85,CA,2020-06-24 06:23:40
60,Richards Bay,-28.78,32.04,60.06,61,0,7.87,ZA,2020-06-24 06:23:40
61,Puerto Ayora,-0.74,-90.35,70.0,92,41,1.01,EC,2020-06-24 06:23:41
62,Nikolskoye,59.7,30.79,73.99,60,1,8.95,RU,2020-06-24 06:23:41
63,Moyale,3.52,39.06,65.77,94,53,12.21,KE,2020-06-24 06:23:41
64,Chipinge,-20.19,32.62,55.69,78,0,2.21,ZW,2020-06-24 06:23:42
65,Codrington,-38.27,141.97,57.51,81,50,3.96,AU,2020-06-24 06:23:42
66,Matara,5.95,80.54,87.42,65,100,13.58,LK,2020-06-24 06:22:16
67,Iqaluit,63.75,-68.51,39.2,93,90,12.75,CA,2020-06-24 06:23:42
68,Luwuk,-0.95,122.79,78.6,82,100,5.01,ID,2020-06-24 06:23:43
69,Albany,42.6,-73.97,75.99,75,85,1.01,US,2020-06-24 06:23:43
70,Porto Torres,40.84,8.4,69.8,77,0,4.7,IT,2020-06-24 06:23:43
71,Lagoa,39.05,-27.98,61.3,66,29,10.22,PT,2020-06-24 06:23:43
72,Edson,53.58,-116.44,55.4,100,90,4.7,CA,2020-06-24 06:20:35
73,Kapaa,22.08,-159.32,78.8,74,90,14.99,US,2020-06-24 06:23:44
74,Keti Bandar,24.14,67.45,93.76,56,61,9.8,PK,2020-06-24 06:23:44
75,Deloraine,-41.53,146.67,57.99,81,68,3.96,AU,2020-06-24 06:23:44
76,Rorvik,64.86,11.24,64.4,72,84,8.05,NO,2020-06-24 06:23:45
77,Dingle,11.0,122.67,90.9,57,90,8.77,PH,2020-06-24 06:23:45
78,Hobyo,5.35,48.53,84.43,62,0,23.94,SO,2020-06-24 06:23:45
79,Bluff,-46.6,168.33,47.03,84,86,14.85,NZ,2020-06-24 06:23:45
80,Turayf,31.67,38.66,77.0,25,0,11.41,SA,2020-06-24 06:23:46
81,Nome,64.5,-165.41,50.0,76,90,8.05,US,2020-06-24 06:19:18
82,Tomatlan,19.93,-105.25,78.48,85,0,1.63,MX,2020-06-24 06:23:46
83,Taoudenni,22.68,-3.98,90.09,11,0,13.42,ML,2020-06-24 06:23:46
84,Provideniya,64.38,-173.3,42.8,75,75,11.18,RU,2020-06-24 06:23:47
85,Komsomolskiy,40.43,71.72,86.0,27,32,6.93,UZ,2020-06-24 06:23:47
86,Bethel,41.37,-73.41,71.6,94,90,5.82,US,2020-06-24 06:23:47
87,Byron Bay,-28.65,153.62,66.2,45,0,5.82,AU,2020-06-24 06:23:44
88,Tasiilaq,65.61,-37.64,39.2,93,100,1.12,GL,2020-06-24 06:23:47
89,Torbay,47.67,-52.73,64.4,100,90,25.28,CA,2020-06-24 06:23:48
90,Clyde River,70.47,-68.59,37.4,93,90,4.7,CA,2020-06-24 06:23:48
91,Eyl,7.98,49.82,89.69,48,0,27.69,SO,2020-06-24 06:23:48
92,Erzin,36.96,36.2,78.01,68,32,1.01,TR,2020-06-24 06:23:48
93,Kirando,-7.42,30.6,75.81,58,54,8.5,TZ,2020-06-24 06:23:49
94,Adrar,20.5,-10.07,86.65,38,0,14.41,MR,2020-06-24 06:23:49
95,Belyy Yar,53.6,91.39,75.2,60,9,2.24,RU,2020-06-24 06:23:49
96,Pecos,31.42,-103.49,66.2,88,90,31.09,US,2020-06-24 06:23:49
97,Zelino,41.98,21.06,66.2,82,75,0.56,MK,2020-06-24 06:23:50
98,Bengkulu,-3.8,102.27,76.5,88,100,9.44,ID,2020-06-24 06:23:50
99,Fortuna,40.6,-124.16,57.99,100,90,4.23,US,2020-06-24 06:23:50
100,Zdvinsk,54.7,78.66,71.13,67,50,9.15,RU,2020-06-24 06:23:50
101,Puerto Plata,19.79,-70.69,81.0,88,20,6.62,DO,2020-06-24 06:23:51
102,Nouadhibou,20.93,-17.03,69.8,83,0,16.11,MR,2020-06-24 06:23:51
103,Port Blair,11.67,92.75,86.02,70,100,9.84,IN,2020-06-24 06:23:51
104,Cockburn Town,21.46,-71.14,82.31,83,0,17.07,TC,2020-06-24 06:23:51
105,Constitucion,-35.33,-72.42,47.35,81,89,4.18,CL,2020-06-24 06:23:52
106,Upernavik,72.79,-56.15,32.65,96,77,6.76,GL,2020-06-24 06:23:52
107,Port Hardy,50.7,-127.42,59.0,100,90,2.24,CA,2020-06-24 06:23:52
108,Egvekinot,66.32,-179.17,37.89,86,99,4.03,RU,2020-06-24 06:23:53
109,Kodiak,57.79,-152.41,50.0,87,90,6.93,US,2020-06-24 06:23:53
110,Stantsionno-Oyashinskiy,55.47,83.82,72.72,71,88,7.09,RU,2020-06-24 06:23:53
111,Almenara,-16.18,-40.69,59.85,87,20,1.23,BR,2020-06-24 06:23:53
112,Paita,-5.09,-81.11,64.33,85,6,10.6,PE,2020-06-24 06:23:53
113,Atocha,-20.93,-66.23,33.96,58,0,15.1,BO,2020-06-24 06:23:54
114,Cuenca,-2.88,-78.98,51.8,100,74,2.24,EC,2020-06-24 06:23:54
115,Mahebourg,-20.41,57.7,77.0,69,40,13.87,MU,2020-06-24 06:23:54
116,San Patricio,19.22,-104.7,80.51,82,13,5.57,MX,2020-06-24 06:23:54
117,Eureka,40.8,-124.16,57.99,93,90,3.36,US,2020-06-24 06:19:27
118,Tres Barras,-26.11,-50.32,53.37,97,1,2.19,BR,2020-06-24 06:23:55
119,Alofi,-19.06,-169.92,73.4,88,59,2.24,NU,2020-06-24 06:23:55
120,Junin,-34.58,-60.94,48.99,92,100,1.01,AR,2020-06-24 06:23:55
121,Naze,28.37,129.48,82.4,78,75,5.82,JP,2020-06-24 06:23:55
122,Bonavista,48.65,-53.11,56.82,95,61,16.08,CA,2020-06-24 06:23:56
123,Zyryanka,65.75,150.85,83.86,23,21,8.59,RU,2020-06-24 06:23:56
124,Thanh Hoa,19.8,105.77,103.87,36,100,5.79,VN,2020-06-24 06:23:56
125,Contamana,-7.33,-75.02,71.29,96,62,2.77,PE,2020-06-24 06:23:56
126,Marsabit,2.33,37.99,65.8,82,86,21.56,KE,2020-06-24 06:23:56
127,Ribeira Grande,38.52,-28.7,61.11,67,39,12.01,PT,2020-06-24 06:23:57
128,Katsuura,35.13,140.3,78.8,69,75,8.05,JP,2020-06-24 06:23:57
129,Thompson,55.74,-97.86,64.4,55,20,4.7,CA,2020-06-24 06:23:57
130,Natitingou,10.3,1.38,71.6,88,5,3.24,BJ,2020-06-24 06:23:57
131,Rawson,-43.3,-65.1,42.58,64,14,12.93,AR,2020-06-24 06:23:57
132,Pisco,-13.7,-76.22,62.6,88,2,3.36,PE,2020-06-24 06:23:58
133,Vaini,-21.2,-175.2,73.4,83,40,5.82,TO,2020-06-24 06:23:58
134,Ca Mau,9.18,105.15,89.22,64,34,3.78,VN,2020-06-24 06:23:58
135,Kudahuvadhoo,2.67,72.89,83.93,77,100,13.11,MV,2020-06-24 06:23:58
136,Macapa,0.04,-51.07,77.0,100,40,2.24,BR,2020-06-24 06:23:59
137,Hasaki,35.73,140.83,73.0,88,75,12.75,JP,2020-06-24 06:22:04
138,Verkhnedneprovskiy,54.98,33.35,65.91,70,0,7.29,RU,2020-06-24 06:23:59
139,Beaverlodge,55.22,-119.44,57.2,62,75,9.17,CA,2020-06-24 06:23:59
140,Boa Vista,2.82,-60.67,77.0,88,75,1.12,BR,2020-06-24 06:23:59
141,Castro,-24.79,-50.01,52.74,92,0,4.63,BR,2020-06-24 06:24:00
142,Arraial Do Cabo,-22.97,-42.03,71.13,77,95,24.27,BR,2020-06-24 06:24:00
143,Vostok,46.49,135.88,55.71,100,100,2.15,RU,2020-06-24 06:24:00
144,Aleksandrovsk-Sakhalinskiy,50.9,142.16,57.63,74,85,1.7,RU,2020-06-24 06:24:00
145,Tacoronte,28.48,-16.41,64.99,88,75,19.46,ES,2020-06-24 06:24:01
146,Manokwari,-0.87,134.08,84.69,70,3,8.43,ID,2020-06-24 06:24:01
147,Corinto,37.94,22.96,73.0,64,0,4.0,GR,2020-06-24 06:20:06
148,Cayenne,4.93,-52.33,75.2,100,90,2.91,GF,2020-06-24 06:24:01
149,Vila Velha,-20.33,-40.29,63.0,93,20,1.12,BR,2020-06-24 06:24:01
150,Bulalacao,12.33,121.34,86.97,69,100,13.35,PH,2020-06-24 06:24:02
151,Campo Verde,-20.42,-54.07,66.2,55,0,9.17,BR,2020-06-24 06:24:02
152,Teruel,40.67,-0.67,64.4,87,0,6.93,ES,2020-06-24 06:24:02
153,Oranjemund,-28.55,16.43,61.54,39,0,6.31,NA,2020-06-24 06:24:02
154,High Level,58.52,-117.14,55.4,71,40,2.24,CA,2020-06-24 06:24:03
155,Palmer,42.16,-72.33,71.6,83,90,8.05,US,2020-06-24 06:24:03
156,Manzhouli,49.6,117.43,73.24,41,42,13.6,CN,2020-06-24 06:24:03
157,Togur,58.36,82.83,69.78,65,55,4.99,RU,2020-06-24 06:21:07
158,East London,-33.02,27.91,59.0,33,0,4.7,ZA,2020-06-24 06:20:17
159,Dawei,14.08,98.2,88.92,63,88,7.54,MM,2020-06-24 06:24:04
160,Tezu,27.92,96.17,79.92,77,98,3.18,IN,2020-06-24 06:24:04
161,Leningradskiy,69.38,178.42,32.5,93,93,12.03,RU,2020-06-24 06:24:04
162,Atikokan,48.76,-91.62,57.34,68,88,3.58,CA,2020-06-24 06:24:04
163,Batemans Bay,-35.72,150.18,60.01,74,38,10.63,AU,2020-06-24 06:22:12
164,Parnamirim,-5.92,-35.26,73.4,94,40,4.7,BR,2020-06-24 06:24:05
165,Ponta Do Sol,32.67,-17.1,68.0,72,40,6.93,PT,2020-06-24 06:24:05
166,Atuona,-9.8,-139.03,79.65,78,25,18.86,PF,2020-06-24 06:24:05
167,Pyshma,56.95,63.25,57.72,87,89,6.69,RU,2020-06-24 06:24:05
168,Halifax,44.65,-63.57,64.0,84,95,4.38,CA,2020-06-24 06:20:36
169,Sinfra,6.62,-5.92,69.04,98,100,2.51,CI,2020-06-24 06:24:06
170,Bereda,43.27,-7.54,63.0,100,7,1.01,ES,2020-06-24 06:24:06
171,Sao Borja,-28.66,-56.0,68.81,69,4,13.73,BR,2020-06-24 06:24:06
172,Tuatapere,-46.13,167.68,47.17,89,86,4.45,NZ,2020-06-24 06:24:06
173,Tilichiki,60.47,166.1,57.38,76,88,12.44,RU,2020-06-24 06:24:06
174,Port Hueneme,34.15,-119.2,62.6,87,90,10.29,US,2020-06-24 06:22:42
175,Hailar,49.2,119.7,72.55,44,14,13.6,CN,2020-06-24 06:24:07
176,Mar Del Plata,-38.0,-57.56,48.99,87,100,2.24,AR,2020-06-24 06:24:07
177,Matadi,-5.82,13.45,69.1,87,64,1.57,CD,2020-06-24 06:24:08
178,Georgetown,5.41,100.34,89.6,66,40,10.29,MY,2020-06-24 06:24:08
179,Hobbs,32.7,-103.14,68.0,72,75,9.17,US,2020-06-24 06:24:08
180,Sitka,57.05,-135.33,53.6,76,75,8.05,US,2020-06-24 06:24:08
181,Muzhi,65.37,64.67,47.73,86,99,12.21,RU,2020-06-24 06:24:08
182,Batagay-Alyta,67.8,130.41,82.89,25,82,10.16,RU,2020-06-24 06:24:09
183,Tecoanapa,16.52,-98.75,78.37,82,100,5.97,MX,2020-06-24 06:24:09
184,Aracati,-4.56,-37.77,75.49,73,98,9.98,BR,2020-06-24 06:24:09
185,Dalvik,65.97,-18.53,46.4,87,100,13.87,IS,2020-06-24 06:24:09
186,Sioux Lookout,50.1,-91.92,55.4,87,40,4.7,CA,2020-06-24 06:24:10
187,Santa Rosa,14.31,121.11,95.0,63,40,6.93,PH,2020-06-24 06:24:10
188,Sabha,27.04,14.43,80.78,27,0,16.11,LY,2020-06-24 06:24:10
189,Rzhaksa,52.13,42.03,59.43,92,93,16.49,RU,2020-06-24 06:24:10
190,Banepa,27.63,85.52,82.4,65,40,4.7,NP,2020-06-24 06:24:10
191,Meulaboh,4.14,96.13,85.71,60,99,3.69,ID,2020-06-24 06:24:11
192,Klaksvik,62.23,-6.59,53.6,76,34,11.41,FO,2020-06-24 06:24:11
193,Port Lincoln,-34.73,135.87,60.03,56,3,10.13,AU,2020-06-24 06:24:11
194,Saskylakh,71.92,114.08,88.27,19,6,8.81,RU,2020-06-24 06:24:11
195,Cidreira,-30.18,-50.21,66.25,77,32,4.29,BR,2020-06-24 06:24:11
196,Khatanga,71.97,102.5,79.74,37,29,5.77,RU,2020-06-24 06:24:12
197,Mackay,-21.15,149.2,68.0,42,0,12.75,AU,2020-06-24 06:24:12
198,Namibe,-15.2,12.15,70.32,52,59,5.61,AO,2020-06-24 06:24:12
199,Barra Patuca,15.8,-84.28,81.03,82,15,13.98,HN,2020-06-24 06:24:12
200,Mesyagutovo,55.53,58.25,63.7,69,63,18.68,RU,2020-06-24 06:24:13
201,Yellowknife,62.46,-114.35,64.4,42,75,5.82,CA,2020-06-24 06:23:20
202,Luderitz,-26.65,15.16,66.2,29,0,5.82,NA,2020-06-24 06:24:13
203,Hay River,60.82,-115.8,64.4,39,75,8.05,CA,2020-06-24 06:24:13
204,Mwense,-10.38,28.7,65.01,60,0,5.55,ZM,2020-06-24 06:24:14
205,Tongling,30.95,117.78,79.05,84,78,7.0,CN,2020-06-24 06:24:14
206,Severo-Kurilsk,50.68,156.12,48.97,84,95,7.61,RU,2020-06-24 06:24:14
207,Quatre Cocos,-20.21,57.76,77.0,69,40,13.87,MU,2020-06-24 06:24:14
208,Cururupu,-1.83,-44.87,73.78,96,14,3.33,BR,2020-06-24 06:24:15
209,Lompoc,34.64,-120.46,59.0,87,90,6.93,US,2020-06-24 06:20:21
210,Dolneni,41.43,21.45,69.8,82,75,1.72,MK,2020-06-24 06:24:15
211,Cairns,-16.92,145.77,77.0,61,75,13.87,AU,2020-06-24 06:21:01
212,Saint-Philippe,-21.36,55.77,75.2,69,20,9.17,RE,2020-06-24 06:24:15
213,Langsa,4.47,97.97,86.16,66,100,3.02,ID,2020-06-24 06:19:39
214,Tiksi,71.69,128.87,61.21,53,33,5.26,RU,2020-06-24 06:24:06
215,Husavik,66.04,-17.34,46.4,87,100,13.87,IS,2020-06-24 06:24:16
216,Wajima,37.4,136.9,82.4,58,20,6.93,JP,2020-06-24 06:24:16
217,Sulangan,11.14,123.72,85.86,67,83,2.21,PH,2020-06-24 06:24:16
218,Kaitangata,-46.28,169.85,46.99,89,99,8.01,NZ,2020-06-24 06:24:17
219,Alice Springs,-23.7,133.88,66.2,25,0,3.36,AU,2020-06-24 06:24:17
220,Belaya Gora,68.53,146.42,85.66,24,0,1.1,RU,2020-06-24 06:24:17
221,Esperance,-33.87,121.9,64.4,42,40,17.22,AU,2020-06-24 06:24:17
222,Otautau,-46.15,168.0,46.24,91,94,4.29,NZ,2020-06-24 06:24:18
223,Grua,60.27,10.67,70.0,77,7,2.24,NO,2020-06-24 06:24:18
224,Asfi,32.3,-9.24,68.67,83,100,6.08,MA,2020-06-24 06:24:19
225,Touros,-5.2,-35.46,73.4,94,40,4.7,BR,2020-06-24 06:24:07
226,Udachnyy,66.42,112.4,78.8,24,40,6.71,RU,2020-06-24 06:24:19
227,Mitu,1.2,-70.17,71.13,98,98,1.21,CO,2020-06-24 06:19:49
228,Vao,-22.67,167.48,71.51,74,21,14.03,NC,2020-06-24 06:24:19
229,Pouembout,-21.13,164.9,71.65,73,59,6.98,NC,2020-06-24 06:24:20
230,Bathsheba,13.22,-59.52,80.6,83,75,21.92,BB,2020-06-24 06:24:20
231,Moerai,-22.43,-151.33,72.99,73,14,15.84,PF,2020-06-24 06:24:20
232,Geraldton,-28.77,114.6,68.0,64,40,10.29,AU,2020-06-24 06:24:20
233,Kinsale,51.71,-8.53,55.99,100,75,3.36,IE,2020-06-24 06:24:21
234,Majene,-3.54,118.97,85.86,60,96,13.4,ID,2020-06-24 06:24:21
235,Warman,52.32,-106.57,73.4,49,75,12.75,CA,2020-06-24 06:24:21
236,Kavieng,-2.57,150.8,85.06,74,11,10.69,PG,2020-06-24 06:24:22
237,Hithadhoo,-0.6,73.08,84.65,74,24,10.07,MV,2020-06-24 06:24:22
238,Nizhniy Odes,63.64,54.86,44.65,60,79,10.33,RU,2020-06-24 06:24:22
239,New Norfolk,-42.78,147.06,55.0,88,97,1.7,AU,2020-06-24 06:24:22
240,Lasa,46.62,10.7,51.8,93,5,3.36,IT,2020-06-24 06:24:22
241,Chumikan,54.72,135.31,45.59,84,97,13.47,RU,2020-06-24 06:24:23
242,Bambous Virieux,-20.34,57.76,77.0,69,40,13.87,MU,2020-06-24 06:24:23
243,Gazimurskiy Zavod,51.55,118.33,70.61,46,84,4.63,RU,2020-06-24 06:24:23
244,Portage,41.17,-81.2,61.0,77,1,4.7,US,2020-06-24 06:24:23
245,Vila Franca Do Campo,37.72,-25.43,60.8,87,75,14.99,PT,2020-06-24 06:24:24
246,French Harbor,16.35,-86.43,83.16,80,49,24.74,HN,2020-06-24 06:24:24
247,Esmeraldas,-19.76,-44.31,53.6,87,79,3.36,BR,2020-06-24 06:24:24
248,Todos Santos,23.45,-110.22,87.01,44,0,7.38,MX,2020-06-24 06:24:24
249,Zeya,53.75,127.27,74.57,37,99,1.43,RU,2020-06-24 06:24:25
250,Asau,46.43,26.4,66.99,77,17,3.13,RO,2020-06-24 06:24:25
251,Mana,5.66,-53.78,76.53,88,100,5.21,GF,2020-06-24 06:24:25
252,Berdigestyakh,62.1,126.7,74.28,40,63,6.35,RU,2020-06-24 06:24:26
253,Guerrero Negro,27.98,-114.06,62.64,92,19,10.47,MX,2020-06-24 06:24:26
254,Dunedin,-45.87,170.5,48.99,88,75,6.67,NZ,2020-06-24 06:24:26
255,Donghai,22.95,115.64,90.23,64,92,16.98,CN,2020-06-24 06:24:26
256,Isangel,-19.55,169.27,73.4,94,90,1.86,VU,2020-06-24 06:24:27
257,Krasnoarmeysk,51.02,45.7,62.01,75,86,7.0,RU,2020-06-24 06:24:27
258,Gerede,40.8,32.2,60.15,77,0,6.38,TR,2020-06-24 06:24:27
259,Onokhoy,51.93,108.07,68.0,72,75,8.95,RU,2020-06-24 06:24:27
260,Shangrao,28.45,117.97,79.36,92,99,4.59,CN,2020-06-24 06:24:28
261,Batagay,67.63,134.63,88.32,22,27,7.9,RU,2020-06-24 06:24:28
262,Safaga,26.73,33.94,87.8,20,44,5.82,EG,2020-06-24 06:24:28
263,Monroe,43.15,-77.68,68.0,72,75,20.8,US,2020-06-24 06:24:28
264,Puqi,29.72,113.88,77.14,87,100,2.68,CN,2020-06-24 06:24:28
265,Alenquer,-1.94,-54.74,73.4,100,15,1.92,BR,2020-06-24 06:24:29
266,Savage,44.78,-93.34,60.01,87,1,4.7,US,2020-06-24 06:24:29
267,Santo Antonio Do Ica,-3.1,-67.94,71.92,97,63,1.61,BR,2020-06-24 06:24:29
268,Lazaro Cardenas,17.96,-102.2,80.29,78,83,3.51,MX,2020-06-24 06:24:29
269,Commerce,34.0,-118.16,64.4,77,90,6.44,US,2020-06-24 06:24:29
270,Nantucket,41.28,-70.1,66.0,93,90,9.17,US,2020-06-24 06:23:59
271,Duldurga,50.68,113.59,64.98,73,99,5.48,RU,2020-06-24 06:24:30
272,Praya,14.92,-23.51,75.2,83,2,16.11,CV,2020-06-24 06:24:30
273,Aquiraz,-3.9,-38.39,78.8,78,75,2.24,BR,2020-06-24 06:24:30
274,Sao Gabriel Da Cachoeira,-0.13,-67.09,72.09,93,74,0.58,BR,2020-06-24 06:24:31
275,Stara Pazova,44.98,20.16,64.4,77,90,6.93,RS,2020-06-24 06:24:31
276,San Quintin,30.48,-115.95,63.19,90,87,10.94,MX,2020-06-24 06:24:31
277,Belogorsk,50.92,128.46,54.23,92,100,10.09,RU,2020-06-24 06:24:31
278,Saint-Joseph,-21.37,55.62,75.2,69,20,9.17,RE,2020-06-24 06:24:31
279,Tengzhou,35.08,117.15,88.45,42,0,9.71,CN,2020-06-24 06:24:32
280,Okahandja,-21.98,16.92,48.2,36,0,5.82,NA,2020-06-24 06:24:32
281,Shumskiy,54.83,99.13,83.25,38,41,2.15,RU,2020-06-24 06:24:32
282,Verkhnyaya Inta,65.98,60.31,47.97,56,72,7.23,RU,2020-06-24 06:24:32
283,Borogontsy,62.67,131.17,80.73,27,46,11.3,RU,2020-06-24 06:24:33
284,Marysville,48.05,-122.18,62.6,77,1,3.36,US,2020-06-24 06:22:23
285,Los Llanos De Aridane,28.66,-17.92,71.6,64,75,16.11,ES,2020-06-24 06:24:33
286,Altamont,42.21,-121.74,75.2,44,20,9.17,US,2020-06-24 06:24:33
287,Keflavik,64.0,-22.56,50.0,93,75,5.82,IS,2020-06-24 06:24:33
288,Haines Junction,60.75,-137.51,45.77,65,0,5.86,CA,2020-06-24 06:24:34
289,San Cristobal,7.77,-72.22,63.59,71,42,2.59,VE,2020-06-24 06:24:34
290,Cagliari,39.24,9.09,69.8,73,0,4.7,IT,2020-06-24 06:24:34
291,Jiazi,22.88,116.07,86.81,75,77,18.25,CN,2020-06-24 06:24:34
292,Carauari,-4.88,-66.9,71.91,95,41,1.59,BR,2020-06-24 06:24:35
293,Kieta,-6.22,155.63,84.29,64,2,6.76,PG,2020-06-24 06:24:35
294,Namatanai,-3.67,152.43,84.25,74,14,9.28,PG,2020-06-24 06:24:35
295,Margate,51.38,1.39,68.0,77,65,1.99,GB,2020-06-24 06:20:02
296,Coihaique,-45.58,-72.07,28.4,92,37,2.24,CL,2020-06-24 06:21:23
297,Maningrida,-12.07,134.27,83.82,52,0,8.95,AU,2020-06-24 06:24:35
298,Hambantota,6.12,81.12,91.4,63,40,13.87,LK,2020-06-24 06:24:36
299,Paamiut,61.99,-49.67,39.58,81,82,3.22,GL,2020-06-24 06:22:40
300,Tiarei,-17.53,-149.33,77.0,73,20,4.7,PF,2020-06-24 06:24:36
301,Straumen,63.87,11.3,64.4,72,83,3.36,NO,2020-06-24 06:24:37
302,Sarny,51.34,26.6,66.25,83,91,12.24,UA,2020-06-24 06:24:37
303,Suarez,2.95,-76.7,64.62,80,76,1.66,CO,2020-06-24 06:24:37
304,Hayden,47.77,-116.79,68.0,77,1,2.82,US,2020-06-24 06:24:37
305,High Rock,26.62,-78.28,82.4,79,39,8.9,BS,2020-06-24 06:24:38
306,Saint John,45.27,-66.07,60.01,100,90,3.36,CA,2020-06-24 06:24:38
307,Luau,-10.71,22.22,56.23,38,0,6.42,AO,2020-06-24 06:24:38
308,Dikson,73.51,80.55,39.65,75,7,9.24,RU,2020-06-24 06:24:38
309,Viedma,-40.81,-63.0,48.67,67,28,14.88,AR,2020-06-24 06:24:39
310,Vanimo,-2.67,141.3,85.24,70,80,7.81,PG,2020-06-24 06:24:39
311,Saint Anthony,45.02,-93.22,61.0,87,1,7.07,US,2020-06-24 06:24:39
312,Svetlogorsk,52.63,29.73,66.06,83,7,9.33,BY,2020-06-24 06:24:40
313,Arlit,18.74,7.39,89.76,12,0,5.23,NE,2020-06-24 06:24:40
314,Caravelas,-17.71,-39.25,65.88,74,32,1.61,BR,2020-06-24 06:24:40
315,Beloha,-25.17,45.05,68.58,64,0,12.21,MG,2020-06-24 06:24:40
316,Kaeo,-35.1,173.78,60.01,3,100,11.99,NZ,2020-06-24 06:24:41
317,Russell,32.35,-85.2,71.6,94,75,5.08,US,2020-06-24 06:24:41
318,Cherskiy,68.75,161.3,52.61,44,50,18.39,RU,2020-06-24 06:24:41
319,Port Augusta,-32.5,137.77,64.4,39,0,11.41,AU,2020-06-24 06:24:41
320,Segamat,2.51,102.82,87.01,66,20,9.17,MY,2020-06-24 06:24:41
321,Sur,22.57,59.53,87.69,66,13,7.7,OM,2020-06-24 06:24:42
322,Joacaba,-27.18,-51.5,57.31,83,0,3.6,BR,2020-06-24 06:24:42
323,Zion,42.45,-87.83,59.0,75,1,3.0,US,2020-06-24 06:24:42
324,Sao Filipe,14.9,-24.5,76.19,78,0,8.32,CV,2020-06-24 06:24:42
325,Buala,-8.14,159.59,84.4,65,4,5.79,SB,2020-06-24 06:24:42
326,Kaka,37.35,59.61,95.63,10,0,4.88,TM,2020-06-24 06:24:43
327,Sakaraha,-22.9,44.53,63.9,78,26,7.76,MG,2020-06-24 06:24:43
328,Mount Isa,-20.73,139.5,73.4,16,0,4.7,AU,2020-06-24 06:24:43
329,Danielskuil,-28.19,23.54,45.25,54,0,6.26,ZA,2020-06-24 06:24:43
330,Yeppoon,-23.13,150.73,73.4,18,0,9.17,AU,2020-06-24 06:24:44
331,Naples,40.83,14.25,78.01,44,20,3.36,IT,2020-06-24 06:24:44
332,Haldensleben,52.29,11.41,64.99,71,0,3.96,DE,2020-06-24 06:24:44
333,Langham,52.37,-106.97,73.4,49,75,12.75,CA,2020-06-24 06:24:44
334,Qasigiannguit,68.82,-51.19,39.2,86,96,2.24,GL,2020-06-24 06:24:45
335,Marsh Harbour,26.54,-77.06,81.63,80,69,7.58,BS,2020-06-24 06:24:45
336,Kenai,60.55,-151.26,53.6,81,90,5.82,US,2020-06-24 06:24:45
337,Marand,38.43,45.77,82.4,21,0,11.41,IR,2020-06-24 06:24:45
338,Zhicheng,30.3,111.5,87.55,66,33,6.89,CN,2020-06-24 06:24:46
339,Deputatskiy,69.3,139.9,78.91,26,0,11.36,RU,2020-06-24 06:24:46
340,Ahmadpur Sial,30.68,71.75,91.4,59,20,9.17,PK,2020-06-24 06:24:46
341,Bull Savanna,17.89,-77.59,75.27,88,12,7.87,JM,2020-06-24 06:24:46
342,Dutse,11.76,9.34,78.8,66,1,10.98,NG,2020-06-24 06:24:47
343,Ambilobe,-13.2,49.05,79.54,56,0,2.98,MG,2020-06-24 06:24:47
344,Shelburne,44.08,-80.2,60.8,82,90,12.75,CA,2020-06-24 06:24:47
345,Dali,25.7,100.18,78.71,50,95,5.73,CN,2020-06-24 06:24:47
346,Palamos,41.85,3.13,73.99,53,0,8.57,ES,2020-06-24 06:22:40
347,Madera,37.17,-119.83,80.01,46,56,1.01,US,2020-06-24 06:24:48
348,Cabo San Lucas,22.89,-109.91,80.01,66,0,14.61,MX,2020-06-24 06:24:48
349,Prince Rupert,54.32,-130.32,51.8,100,90,4.7,CA,2020-06-24 06:20:47
350,Kuito,-12.38,16.93,51.8,62,18,6.93,AO,2020-06-24 06:24:48
351,Tripoli,32.88,13.19,72.12,70,0,2.66,LY,2020-06-24 06:23:06
352,Ngunguru,-35.62,174.5,60.01,98,100,11.99,NZ,2020-06-24 06:24:49
353,Portland,45.52,-122.68,75.99,53,1,5.82,US,2020-06-24 06:23:21
354,Sorland,67.67,12.69,53.6,66,75,5.82,NO,2020-06-24 06:24:49
355,Sorong,-0.88,131.25,83.64,78,88,8.95,ID,2020-06-24 06:24:50
356,Bijapur,16.83,75.7,86.45,50,58,9.4,IN,2020-06-24 06:24:50
357,Broken Hill,-31.95,141.43,59.0,51,40,9.17,AU,2020-06-24 06:24:50
358,Salur,18.53,83.22,94.32,51,46,3.18,IN,2020-06-24 06:24:50
359,Mumford,5.26,-0.76,77.23,87,82,6.64,GH,2020-06-24 06:24:51
360,Tabora,-5.02,32.8,64.4,82,11,5.82,TZ,2020-06-24 06:24:51
361,Puerto Leguizamo,-0.19,-74.78,69.96,98,10,1.7,CO,2020-06-24 06:24:51
362,Ixtapa,20.7,-105.2,77.49,78,36,1.39,MX,2020-06-24 06:24:51
363,Grand-Lahou,5.14,-5.02,75.16,90,100,6.35,CI,2020-06-24 06:24:51
364,Flinders,-34.58,150.86,63.0,66,45,4.0,AU,2020-06-24 06:24:52
365,Latung,5.5,120.88,83.79,70,81,3.83,PH,2020-06-24 06:24:52
366,Muisne,0.6,-80.03,75.96,89,100,9.91,EC,2020-06-24 06:24:52
367,Kilinochchi,9.4,80.4,86.77,64,100,4.79,LK,2020-06-24 06:24:52
368,Killybegs,54.63,-8.45,52.43,89,100,7.2,IE,2020-06-24 06:24:53
369,Linqiong,30.42,103.46,93.2,41,20,2.24,CN,2020-06-24 06:24:53
370,Pativilca,-10.7,-77.78,60.71,88,98,4.38,PE,2020-06-24 06:24:53
371,Nicoya,10.15,-85.45,76.08,90,100,2.01,CR,2020-06-24 06:24:53
372,Saqqez,36.25,46.27,80.22,23,0,5.14,IR,2020-06-24 06:24:54
373,Solnechnyy,50.72,136.63,61.14,66,99,3.47,RU,2020-06-24 06:24:54
374,Yining,29.04,114.56,78.33,86,97,3.53,CN,2020-06-24 06:24:54
375,Saint George,37.1,-113.58,87.8,12,1,1.92,US,2020-06-24 06:24:54
376,Korla,41.76,86.15,90.48,14,98,17.4,CN,2020-06-24 06:24:54
377,Elista,46.31,44.26,84.2,28,0,13.42,RU,2020-06-24 06:24:55
378,Mandera,3.94,41.87,84.49,56,27,20.02,KE,2020-06-24 06:24:55
379,Wangaratta,-36.37,146.33,48.0,100,90,6.93,AU,2020-06-24 06:24:55
380,Porbandar,21.64,69.61,86.0,84,40,5.82,IN,2020-06-24 06:24:55
381,Ninh Binh,20.25,105.97,102.24,37,100,8.79,VN,2020-06-24 06:24:56
382,Harindanga,22.04,88.32,95.0,71,40,9.17,IN,2020-06-24 06:24:56
383,Raudeberg,61.99,5.14,64.4,72,75,11.41,NO,2020-06-24 06:24:56
384,Marsala,37.8,12.44,62.6,88,0,3.36,IT,2020-06-24 06:22:14
385,Olafsvik,64.89,-23.71,48.13,86,100,12.01,IS,2020-06-24 06:24:56
386,Hereford,52.06,-2.71,60.01,89,0,1.19,GB,2020-06-24 06:24:57
387,Lianran,24.92,102.48,78.01,88,75,6.71,CN,2020-06-24 06:24:57
388,Padang,-0.95,100.35,82.44,66,100,3.89,ID,2020-06-24 06:24:57
389,Faridpur,23.6,89.83,89.6,59,75,9.17,BD,2020-06-24 06:24:57
390,Bahir Dar,11.59,37.39,69.08,66,69,4.74,ET,2020-06-24 06:24:58
391,Gladstone,-23.85,151.25,68.0,42,0,9.17,AU,2020-06-24 06:24:58
392,Stavelot,50.39,5.93,68.0,72,10,2.24,BE,2020-06-24 06:24:58
393,Ancud,-41.87,-73.82,37.99,100,75,3.36,CL,2020-06-24 06:24:58
394,Raga,8.46,25.68,75.85,82,69,6.71,SS,2020-06-24 06:24:59
395,Bilma,18.69,12.92,89.49,12,0,7.14,NE,2020-06-24 06:24:59
396,Mehamn,71.04,27.85,46.4,87,30,17.22,NO,2020-06-24 06:24:59
397,Valparaiso,-33.04,-71.63,50.0,93,75,8.05,CL,2020-06-24 06:24:59
398,Nagahama,35.38,136.27,88.0,62,5,4.0,JP,2020-06-24 06:24:59
399,Falam,22.92,93.68,71.73,89,99,1.48,MM,2020-06-24 06:25:00
400,Necochea,-38.55,-58.74,41.0,97,100,4.47,AR,2020-06-24 06:25:00
401,Zhanaozen,43.3,52.8,88.45,19,0,18.81,KZ,2020-06-24 06:25:00
402,Maiduguri,11.85,13.16,84.07,57,22,10.69,NG,2020-06-24 06:25:00
403,Coquimbo,-29.95,-71.34,53.6,87,75,3.36,CL,2020-06-24 06:25:01
404,Qom,34.64,50.88,88.56,15,0,17.96,IR,2020-06-24 06:20:05
405,Kampot,10.62,104.18,91.4,66,40,8.05,KH,2020-06-24 06:25:01
406,Port Macquarie,-31.43,152.92,63.0,55,0,1.99,AU,2020-06-24 06:24:17
407,Hamilton,39.18,-84.53,66.0,82,20,5.82,US,2020-06-24 06:20:30
408,Ipora,-16.44,-51.12,61.68,62,5,2.77,BR,2020-06-24 06:25:02
409,Laguna,38.42,-121.42,70.0,68,1,8.05,US,2020-06-24 06:25:02
410,Kendari,-3.94,122.5,82.0,81,75,3.4,ID,2020-06-24 06:25:02
411,Oyama,36.3,139.8,82.99,77,75,14.99,JP,2020-06-24 06:25:02
412,Okhotsk,59.38,143.3,50.2,80,33,12.84,RU,2020-06-24 06:25:03
413,Grindavik,63.84,-22.43,50.0,93,75,5.82,IS,2020-06-24 06:25:03
414,Baruun-Urt,46.68,113.28,79.47,37,97,16.8,MN,2020-06-24 06:25:03
415,Penzance,50.12,-5.54,64.99,82,20,11.41,GB,2020-06-24 06:25:04
416,Aranos,-24.13,19.12,46.27,51,0,11.61,NA,2020-06-24 06:25:04
417,Shitanjing,39.23,106.34,83.73,14,62,15.57,CN,2020-06-24 06:25:04
418,Srednekolymsk,67.45,153.68,72.95,21,0,8.72,RU,2020-06-24 06:25:04
419,Miraflores,19.22,-98.81,55.4,87,90,3.36,MX,2020-06-24 06:25:05
420,Sarkand,45.41,79.92,86.47,15,88,18.59,KZ,2020-06-24 06:25:05
421,Bilibino,68.05,166.44,61.65,32,97,11.41,RU,2020-06-24 06:25:05
422,Puurmani,58.57,26.29,72.0,68,0,1.41,EE,2020-06-24 06:25:06
423,Aykhal,66.0,111.5,78.8,24,40,6.71,RU,2020-06-24 06:25:06
424,Fundao,-19.93,-40.4,63.0,93,20,1.12,BR,2020-06-24 06:25:06
425,Mairi,-11.71,-40.15,63.27,91,42,4.21,BR,2020-06-24 06:25:06
426,Ulaangom,49.98,92.07,75.42,21,0,7.58,MN,2020-06-24 06:25:06
427,Mabaruma,8.2,-59.78,73.54,93,34,3.47,GY,2020-06-24 06:25:07
428,Sinnamary,5.38,-52.95,77.29,86,100,4.52,GF,2020-06-24 06:25:07
429,Norden,53.6,7.2,63.0,72,20,3.36,DE,2020-06-24 06:25:07
430,Doha,25.29,51.53,98.6,37,15,8.05,QA,2020-06-24 06:25:06
431,Rurrenabaque,-14.44,-67.53,70.48,87,36,0.85,BO,2020-06-24 06:25:08
432,Zermatt,46.02,7.75,68.0,68,20,3.36,CH,2020-06-24 06:25:08
433,Santa Marta,11.24,-74.2,79.0,87,32,15.14,CO,2020-06-24 06:22:50
434,Lerwick,60.15,-1.15,60.8,87,40,6.93,GB,2020-06-24 06:25:08
435,Viransehir,37.24,39.76,82.24,30,0,11.39,TR,2020-06-24 06:25:09
436,Yumen,40.28,97.2,84.13,13,72,6.35,CN,2020-06-24 06:25:09
437,Shimoda,34.67,138.95,75.2,83,40,12.75,JP,2020-06-24 06:25:09
438,Hit,33.64,42.83,89.98,17,0,25.57,IQ,2020-06-24 06:25:09
439,Sapele,5.89,5.68,74.77,96,75,0.78,NG,2020-06-24 06:25:09
440,Guarapari,-20.67,-40.5,63.0,93,20,1.12,BR,2020-06-24 06:25:10
441,Bassar,9.25,0.78,68.31,100,16,3.83,TG,2020-06-24 06:25:10
442,Yautepec,18.88,-99.07,66.0,87,90,3.36,MX,2020-06-24 06:25:10
443,Taseyevo,57.22,94.9,86.56,34,6,3.62,RU,2020-06-24 06:25:10
444,Sacama,-3.9,-79.27,47.55,98,7,5.08,EC,2020-06-24 06:25:11
445,Nandurbar,21.37,74.25,88.66,57,81,10.92,IN,2020-06-24 06:25:11
446,Pasni,25.26,63.47,86.79,72,0,9.8,PK,2020-06-24 06:25:11
447,Khorramabad,33.49,48.36,93.2,14,0,9.17,IR,2020-06-24 06:25:11
448,Chokurdakh,70.63,147.92,79.2,27,29,6.8,RU,2020-06-24 06:25:11
449,Benjamin Aceval,-24.97,-57.57,75.2,57,4,13.87,PY,2020-06-24 06:25:12
450,Sabang,5.89,95.32,83.61,69,93,4.72,ID,2020-06-24 06:25:12
451,Malibu,34.01,-118.81,61.0,96,73,1.01,US,2020-06-24 06:25:12
452,San Carlos De Bariloche,-41.15,-71.31,30.2,80,40,3.36,AR,2020-06-24 06:20:56
453,Tirumullaivasal,11.23,79.83,84.18,66,100,12.68,IN,2020-06-24 06:25:12
454,Shar,49.59,81.05,86.23,22,100,7.47,KZ,2020-06-24 06:25:13
455,Kolokani,13.57,-8.03,81.64,52,36,7.23,ML,2020-06-24 06:25:13
456,Novyy Urengoy,66.08,76.63,58.26,47,1,5.03,RU,2020-06-24 06:24:08
457,Kavaratti,10.57,72.64,82.4,83,90,13.87,IN,2020-06-24 06:25:14
458,Monastyryshche,48.99,29.8,70.88,79,36,5.23,UA,2020-06-24 06:25:14
459,Nizhniy Kuranakh,58.84,125.49,74.84,35,52,3.56,RU,2020-06-24 06:25:14
460,Enshi,30.3,109.48,90.63,54,96,1.01,CN,2020-06-24 06:25:15
461,Nalut,30.33,10.85,71.56,55,0,12.5,LY,2020-06-24 06:25:15
462,Vernon,50.26,-119.27,64.99,93,75,4.7,CA,2020-06-24 06:23:22
463,Lata,40.16,-8.33,64.99,85,98,2.89,PT,2020-06-24 06:25:15
464,Pak Phanang,8.35,100.2,95.0,63,20,4.7,TH,2020-06-24 06:24:56
465,Bouar,5.93,15.6,68.16,96,100,0.83,CF,2020-06-24 06:25:16
466,Duma,34.77,108.14,91.4,49,0,4.47,CN,2020-06-24 06:25:16
467,Las Varas,21.17,-105.17,79.61,75,50,2.64,MX,2020-06-24 06:25:16
468,Bima,-8.47,118.72,85.08,55,19,7.96,ID,2020-06-24 06:25:16
469,Gaoual,11.75,-13.2,74.41,94,37,1.01,GN,2020-06-24 06:25:17
470,Shingu,33.73,135.98,84.2,62,75,10.29,JP,2020-06-24 06:25:17
471,Rudnichnyy,59.62,52.47,49.91,57,68,8.95,RU,2020-06-24 06:25:17
472,Nkhata Bay,-11.61,34.29,69.91,76,55,9.1,MW,2020-06-24 06:25:17
473,Tahta,26.77,31.5,84.2,21,0,8.05,EG,2020-06-24 06:25:18
474,Warrnambool,-38.38,142.48,55.99,90,42,2.75,AU,2020-06-24 06:25:18
475,Tigil,57.8,158.67,66.24,51,39,9.69,RU,2020-06-24 06:25:18
476,Galle,6.04,80.22,84.79,74,96,13.22,LK,2020-06-24 06:25:18
477,Nanortalik,60.14,-45.24,39.94,79,61,4.9,GL,2020-06-24 06:25:18
478,Norman Wells,65.28,-126.83,44.6,100,90,12.75,CA,2020-06-24 06:25:19
479,Guanica,17.97,-66.91,80.01,81,2,4.59,PR,2020-06-24 06:25:19
480,Ust-Ilimsk,58.0,102.66,81.07,31,16,6.49,RU,2020-06-24 06:25:19
481,Vierzon,47.21,2.06,66.0,87,0,2.24,FR,2020-06-24 06:25:19
482,Berlevag,70.86,29.09,53.6,87,12,17.22,NO,2020-06-24 06:25:19
483,Ankazoabo,-22.28,44.52,67.24,71,5,9.31,MG,2020-06-24 06:25:20
484,Comodoro Rivadavia,-45.87,-67.5,39.2,86,90,9.17,AR,2020-06-24 06:25:02
485,Marzuq,14.4,46.47,90.0,14,65,5.5,YE,2020-06-24 06:25:20
486,North Bend,43.41,-124.22,60.8,93,90,8.05,US,2020-06-24 06:25:21
487,Wyszkow,52.59,21.46,63.0,49,100,9.64,PL,2020-06-24 06:24:46
488,Grants,35.15,-107.85,71.6,28,1,9.17,US,2020-06-24 06:25:21
489,Yulara,-25.24,130.99,71.6,18,0,6.93,AU,2020-06-24 06:25:21
490,Moron,-34.65,-58.62,55.0,83,100,3.0,AR,2020-06-24 06:25:21
491,Axim,4.87,-2.24,76.46,87,83,6.26,GH,2020-06-24 06:25:22
492,Qaqortoq,60.72,-46.03,46.4,75,47,4.7,GL,2020-06-24 06:25:22
493,Vieksniai,56.23,22.52,68.0,77,95,4.7,LT,2020-06-24 06:25:22
494,Umm Kaddadah,13.6,26.69,88.48,40,9,13.98,SD,2020-06-24 06:25:22
495,Pervomayskoye,43.92,46.71,89.92,26,7,13.78,RU,2020-06-24 06:25:23
496,Virginia Beach,36.85,-75.98,78.01,83,75,9.17,US,2020-06-24 06:25:23
497,Lebedyan,53.02,39.17,64.4,72,20,13.42,RU,2020-06-24 06:25:23
498,Labuhan,-6.88,112.21,85.95,59,88,5.46,ID,2020-06-24 06:25:23
499,Irondequoit,43.21,-77.58,66.99,72,75,20.8,US,2020-06-24 06:25:24
500,Tadine,-21.55,167.88,72.07,80,37,11.81,NC,2020-06-24 06:25:24
501,Sambava,-14.27,50.17,75.33,70,22,14.14,MG,2020-06-24 06:25:24
502,Inta,66.03,60.17,48.49,54,65,7.09,RU,2020-06-24 06:25:24
503,Mopipi,-21.18,24.88,48.79,62,0,8.66,BW,2020-06-24 06:25:25
504,Bowmore,34.94,-79.3,71.6,94,75,6.93,US,2020-06-24 06:25:25
505,Tawang,27.58,91.87,69.58,58,81,6.31,IN,2020-06-24 06:25:25
506,Roma,43.21,-75.46,71.6,88,90,3.42,US,2020-06-24 06:24:47
507,Kalmunai,7.42,81.82,88.23,58,98,6.91,LK,2020-06-24 06:25:26
508,Tocopilla,-22.09,-70.2,59.05,67,46,4.21,CL,2020-06-24 06:25:26
509,Suntar,62.14,117.63,76.89,46,99,6.96,RU,2020-06-24 06:25:26
510,Muli,2.92,73.57,84.15,77,100,13.62,MV,2020-06-24 06:25:26
511,Monki,53.41,22.8,65.73,86,79,10.04,PL,2020-06-24 06:25:26
512,Bakel,14.9,-12.46,87.4,44,100,7.09,SN,2020-06-24 06:25:27
513,Pangnirtung,66.15,-65.71,42.6,85,100,1.21,CA,2020-06-24 06:25:27
514,Urubicha,-15.38,-62.95,71.82,77,72,3.69,BO,2020-06-24 06:25:27
515,Springdale,36.19,-94.13,64.4,77,1,3.38,US,2020-06-24 06:25:27
516,Ovsyanka,55.96,92.55,80.6,54,0,8.95,RU,2020-06-24 06:25:28
517,Kununurra,-15.77,128.73,84.2,19,0,8.05,AU,2020-06-24 06:25:28
518,Emerald,-23.53,148.17,71.6,24,0,4.7,AU,2020-06-24 06:25:28
519,Kirensk,57.79,108.11,76.41,33,47,5.32,RU,2020-06-24 06:25:29
520,Mirador,-6.37,-44.36,71.92,78,4,6.08,BR,2020-06-24 06:25:29
521,Aksha,50.28,113.29,67.19,66,100,6.29,RU,2020-06-24 06:25:29
522,Filadelfia,39.95,-75.16,81.0,69,75,8.05,US,2020-06-24 06:23:48
523,Puerto Escondido,15.85,-97.07,80.04,76,100,5.99,MX,2020-06-24 06:25:29
524,Tukan,53.84,57.46,60.66,51,100,7.61,RU,2020-06-24 06:25:30
525,Amapa,1.0,-52.0,70.2,97,95,1.1,BR,2020-06-24 06:25:30
526,Cananeia,-25.01,-47.93,66.36,80,0,5.73,BR,2020-06-24 06:25:30
527,Mogzon,51.74,111.96,63.84,76,96,6.44,RU,2020-06-24 06:25:30
528,Kutum,14.2,24.67,84.79,25,0,2.08,SD,2020-06-24 06:25:30
529,Sao Joao Da Barra,-21.64,-41.05,68.7,77,100,12.68,BR,2020-06-24 06:25:31
530,Xuddur,4.12,43.89,79.12,65,58,21.72,SO,2020-06-24 06:25:31
531,Sakaiminato,35.55,133.23,86.0,51,75,9.17,JP,2020-06-24 06:25:31
532,Lavrentiya,65.58,-171.0,39.56,70,99,13.04,RU,2020-06-24 06:25:31
533,Tucumcari,35.17,-103.72,66.2,77,1,8.05,US,2020-06-24 06:25:31
534,Limon,10.0,-83.03,79.36,82,94,3.56,CR,2020-06-24 06:25:32
535,Lancut,50.07,22.23,60.8,93,90,10.29,PL,2020-06-24 06:25:32
536,Saurimo,-9.66,20.39,58.66,36,0,7.45,AO,2020-06-24 06:25:32
537,Lokosovo,61.13,74.82,61.63,53,71,7.47,RU,2020-06-24 06:25:32
538,Lahat,-3.8,103.53,89.69,45,100,3.29,ID,2020-06-24 06:25:32
539,Weinan,34.5,109.51,91.4,49,0,4.47,CN,2020-06-24 06:25:33
540,Ayr,55.46,-4.63,59.0,77,40,2.24,GB,2020-06-24 06:25:33
541,Aklavik,68.22,-135.01,41.0,80,90,5.82,CA,2020-06-24 06:25:33
542,Belmonte,-15.86,-38.88,64.4,88,75,6.93,BR,2020-06-24 06:25:33
543,Taltal,-25.4,-70.48,54.93,77,95,1.32,CL,2020-06-24 06:25:34
544,Hami,42.8,93.45,91.54,9,49,3.0,CN,2020-06-24 06:25:34
545,Mushie,-3.02,16.9,73.42,52,52,2.21,CD,2020-06-24 06:25:34
546,Westport,41.14,-73.36,72.0,95,61,6.67,US,2020-06-24 06:24:04
547,Pueblo Nuevo,23.38,-105.38,61.12,81,85,2.62,MX,2020-06-24 06:25:34
548,Nabire,-3.37,135.48,85.82,65,11,4.25,ID,2020-06-24 06:25:06
549,La Ronge,55.1,-105.28,66.2,63,75,6.93,CA,2020-06-24 06:25:35
550,Verkhnevilyuysk,63.45,120.32,81.7,31,37,8.63,RU,2020-06-24 06:25:35
551,Hvide Sande,56.0,8.13,66.99,93,20,3.36,DK,2020-06-24 06:25:35
552,Kijang,35.24,129.21,77.0,61,90,8.05,KR,2020-06-24 06:25:35
553,Aripuana,-9.17,-60.63,72.07,76,45,0.81,BR,2020-06-24 06:25:36
554,Conde,-7.26,-34.91,71.92,88,8,10.63,BR,2020-06-24 06:25:36
555,Usinsk,65.99,57.53,44.92,66,74,8.55,RU,2020-06-24 06:25:36
556,Bubaque,11.28,-15.83,81.48,80,31,4.34,GW,2020-06-24 06:25:36
557,Dezful,32.38,48.41,107.73,7,0,4.18,IR,2020-06-24 06:25:36
558,Ouadda,8.08,22.4,71.47,90,97,4.27,CF,2020-06-24 06:25:37
559,Sao Felix Do Xingu,-6.64,-51.99,67.06,84,1,1.3,BR,2020-06-24 06:25:37
560,Harper,4.38,-7.72,76.05,83,100,7.07,LR,2020-06-24 06:25:37
561,Narsaq,60.92,-46.05,46.4,75,63,4.7,GL,2020-06-24 06:25:37
562,General Roca,-39.03,-67.58,37.4,86,100,5.01,AR,2020-06-24 06:25:38
563,Fairbanks,64.84,-147.72,55.4,87,90,1.79,US,2020-06-24 06:22:57
564,Knysna,-34.04,23.05,62.6,42,0,2.24,ZA,2020-06-24 06:25:38
565,Kennebunk,43.38,-70.54,68.0,94,1,3.36,US,2020-06-24 06:25:38
566,Rajanpur,29.1,70.33,112.6,17,0,14.99,PK,2020-06-24 06:25:39
567,Buckeye,33.37,-112.58,91.0,13,1,6.93,US,2020-06-24 06:25:39
568,Eidsvag,62.78,8.07,62.6,72,86,3.36,NO,2020-06-24 06:25:39
569,Bandarbeyla,9.49,50.81,88.36,52,39,26.4,SO,2020-06-24 06:25:39
570,Kirakira,-10.45,161.92,82.49,73,100,1.81,SB,2020-06-24 06:25:40
571,Melur,10.05,78.33,95.0,47,20,3.36,IN,2020-06-24 06:25:40
572,Zvishavane,-20.33,30.07,53.17,69,4,0.63,ZW,2020-06-24 06:25:40
573,Olimpia,-20.74,-48.91,64.4,48,77,5.82,BR,2020-06-24 06:25:40
574,Opuwo,-18.06,13.84,50.54,48,0,7.54,NA,2020-06-24 06:25:41
575,Ahipara,-35.17,173.17,57.31,90,79,13.33,NZ,2020-06-24 06:25:41
576,Acari,-15.43,-74.62,61.83,67,48,2.42,PE,2020-06-24 06:25:41
577,Saint-Augustin,51.23,-58.65,58.17,93,99,9.91,CA,2020-06-24 06:25:41
578,Olinda,-8.01,-34.86,78.8,74,40,13.87,BR,2020-06-24 06:25:41
579,Hovd,48.01,91.64,72.05,21,99,8.25,MN,2020-06-24 06:25:42
